customer_id,name,email,purchase_amount,segment
1,John Doe,john@example.com,120.50,Medium
2,Jane Smith,jane@example.com,75.20,Low
3,Bob Johnson,bob@example.com,200.00,Medium
4,Liam,Liam@example.com,639.95,High
5,Noah,Noah@example.com,652.44,High
6,Oliver,Oliver@example.com,512.34,High
7,James,James@example.com,731.44,High
8,Elijah,Elijah@example.com,638.97,High
9,William,William@example.com,587.03,High
10,Henry,Henry@example.com,631.02,High
11,Lucas,Lucas@example.com,467.31,Medium
12,Benjamin,Benjamin@example.com,785.68,High
13,Theodore,Theodore@example.com,681.60,High
14,Mateo,Mateo@example.com,791.61,High
15,Levi,Levi@example.com,513.40,High
16,Sebastian,Sebastian@example.com,625.30,High
17,Daniel,Daniel@example.com,536.21,High
18,Jack,Jack@example.com,506.93,High
19,Michael,Michael@example.com,763.34,High
20,Alexander,Alexander@example.com,775.73,High
21,Owen,Owen@example.com,684.88,High
22,Asher,Asher@example.com,770.62,High
23,Samuel,Samuel@example.com,535.56,High
24,Ethan,Ethan@example.com,645.77,High
25,Leo,Leo@example.com,557.23,High
26,Jackson,Jackson@example.com,472.29,Medium
27,Mason,Mason@example.com,772.70,High
28,Ezra,Ezra@example.com,714.34,High
29,John,John@example.com,546.89,High
30,Hudson,Hudson@example.com,692.91,High
31,Luca,Luca@example.com,736.76,High
32,Aiden,Aiden@example.com,760.58,High
33,Joseph,Joseph@example.com,450.70,Medium
34,David,David@example.com,525.34,High
35,Jacob,Jacob@example.com,521.38,High
36,Logan,Logan@example.com,710.47,High
37,Luke,Luke@example.com,736.85,High
38,Julian,Julian@example.com,560.94,High
39,Gabriel,Gabriel@example.com,477.25,Medium
40,Grayson,Grayson@example.com,510.57,High
41,Wyatt,Wyatt@example.com,699.57,High
42,Matthew,Matthew@example.com,654.64,High
43,Maverick,Maverick@example.com,670.73,High
44,Dylan,Dylan@example.com,683.81,High
45,Isaac,Isaac@example.com,548.97,High
46,Elias,Elias@example.com,724.99,High
47,Anthony,Anthony@example.com,460.98,Medium
48,Thomas,Thomas@example.com,563.43,High
49,Jayden,Jayden@example.com,516.17,High
50,Carter,Carter@example.com,598.94,High
51,Santiago,Santiago@example.com,745.32,High
52,Ezekiel,Ezekiel@example.com,495.69,Medium
53,Charles,Charles@example.com,596.85,High
54,Josiah,Josiah@example.com,653.50,High
55,Caleb,Caleb@example.com,729.60,High
56,Cooper,Cooper@example.com,772.78,High
57,Lincoln,Lincoln@example.com,631.70,High
58,Miles,Miles@example.com,673.53,High
59,Christopher,Christopher@example.com,772.71,High
60,Nathan,Nathan@example.com,600.09,High
61,Isaiah,Isaiah@example.com,544.60,High
62,Kai,Kai@example.com,467.18,Medium
63,Joshua,Joshua@example.com,579.64,High
64,Andrew,Andrew@example.com,469.85,Medium
65,Angel,Angel@example.com,626.44,High
66,Adrian,Adrian@example.com,666.85,High
67,Cameron,Cameron@example.com,496.65,Medium
68,Nolan,Nolan@example.com,616.60,High
69,Waylon,Waylon@example.com,692.87,High
70,Jaxon,Jaxon@example.com,648.66,High
71,Roman,Roman@example.com,550.41,High
72,Eli,Eli@example.com,764.25,High
73,Wesley,Wesley@example.com,608.37,High
74,Aaron,Aaron@example.com,605.73,High
75,Ian,Ian@example.com,411.30,Medium
76,Christian,Christian@example.com,413.52,Medium
77,Ryan,Ryan@example.com,797.58,High
78,Leonardo,Leonardo@example.com,512.93,High
79,Brooks,Brooks@example.com,723.11,High
80,Axel,Axel@example.com,674.09,High
81,Walker,Walker@example.com,637.58,High
82,Jonathan,Jonathan@example.com,795.69,High
83,Easton,Easton@example.com,767.88,High
84,Everett,Everett@example.com,724.75,High
85,Weston,Weston@example.com,749.71,High
86,Bennett,Bennett@example.com,463.20,Medium
87,Robert,Robert@example.com,708.64,High
88,Jameson,Jameson@example.com,467.28,Medium
89,Landon,Landon@example.com,495.04,Medium
90,Silas,Silas@example.com,522.99,High
91,Jose,Jose@example.com,789.26,High
92,Beau,Beau@example.com,680.02,High
93,Micah,Micah@example.com,484.63,Medium
94,Colton,Colton@example.com,603.71,High
95,Jordan,Jordan@example.com,728.63,High
96,Jeremiah,Jeremiah@example.com,432.26,Medium
97,Parker,Parker@example.com,798.18,High
98,Greyson,Greyson@example.com,439.76,Medium
99,Rowan,Rowan@example.com,678.02,High
100,Adam,Adam@example.com,457.83,Medium
101,Nicholas,Nicholas@example.com,548.59,High
102,Theo,Theo@example.com,727.84,High
103,Xavier,Xavier@example.com,400.16,Medium
104,Hunter,Hunter@example.com,461.76,Medium
105,Dominic,Dominic@example.com,459.80,Medium
106,Jace,Jace@example.com,405.80,Medium
107,Gael,Gael@example.com,619.50,High
108,River,River@example.com,451.64,Medium
109,Thiago,Thiago@example.com,704.66,High
110,Kayden,Kayden@example.com,676.19,High
111,Damian,Damian@example.com,608.70,High
112,August,August@example.com,661.13,High
113,Carson,Carson@example.com,688.84,High
114,Austin,Austin@example.com,610.52,High
115,Myles,Myles@example.com,573.23,High
116,Amir,Amir@example.com,769.89,High
117,Declan,Declan@example.com,785.94,High
118,Emmett,Emmett@example.com,467.02,Medium
119,Ryder,Ryder@example.com,675.73,High
120,Luka,Luka@example.com,777.62,High
121,Connor,Connor@example.com,548.47,High
122,Jaxson,Jaxson@example.com,559.51,High
123,Milo,Milo@example.com,674.39,High
124,Enzo,Enzo@example.com,443.24,Medium
125,Giovanni,Giovanni@example.com,790.17,High
126,Vincent,Vincent@example.com,795.61,High
127,Diego,Diego@example.com,627.63,High
128,Luis,Luis@example.com,644.21,High
129,Archer,Archer@example.com,646.97,High
130,Harrison,Harrison@example.com,535.31,High
131,Kingston,Kingston@example.com,415.71,Medium
132,Atlas,Atlas@example.com,559.62,High
133,Jasper,Jasper@example.com,428.52,Medium
134,Sawyer,Sawyer@example.com,497.95,Medium
135,Legend,Legend@example.com,753.20,High
136,Lorenzo,Lorenzo@example.com,649.49,High
137,Evan,Evan@example.com,775.02,High
138,Jonah,Jonah@example.com,527.71,High
139,Chase,Chase@example.com,431.29,Medium
140,Bryson,Bryson@example.com,716.51,High
141,Adriel,Adriel@example.com,709.96,High
142,Nathaniel,Nathaniel@example.com,796.43,High
143,Arthur,Arthur@example.com,664.45,High
144,Juan,Juan@example.com,429.02,Medium
145,George,George@example.com,504.77,High
146,Cole,Cole@example.com,428.33,Medium
147,Zion,Zion@example.com,681.93,High
148,Jason,Jason@example.com,595.02,High
149,Ashton,Ashton@example.com,575.67,High
150,Carlos,Carlos@example.com,509.84,High
151,Calvin,Calvin@example.com,443.05,Medium
152,Brayden,Brayden@example.com,767.68,High
153,Elliot,Elliot@example.com,502.21,High
154,Rhett,Rhett@example.com,506.75,High
155,Emiliano,Emiliano@example.com,418.36,Medium
156,Ace,Ace@example.com,454.24,Medium
157,Jayce,Jayce@example.com,780.09,High
158,Graham,Graham@example.com,426.28,Medium
159,Max,Max@example.com,491.01,Medium
160,Braxton,Braxton@example.com,533.66,High
161,Leon,Leon@example.com,423.50,Medium
162,Ivan,Ivan@example.com,747.83,High
163,Hayden,Hayden@example.com,560.99,High
164,Jude,Jude@example.com,742.30,High
165,Malachi,Malachi@example.com,414.97,Medium
166,Dean,Dean@example.com,662.49,High
167,Tyler,Tyler@example.com,670.07,High
168,Jesus,Jesus@example.com,426.32,Medium
169,Zachary,Zachary@example.com,721.45,High
170,Kaiden,Kaiden@example.com,460.63,Medium
171,Elliott,Elliott@example.com,656.57,High
172,Arlo,Arlo@example.com,635.79,High
173,Emmanuel,Emmanuel@example.com,674.09,High
174,Ayden,Ayden@example.com,778.06,High
175,Bentley,Bentley@example.com,540.30,High
176,Maxwell,Maxwell@example.com,545.66,High
177,Amari,Amari@example.com,623.00,High
178,Ryker,Ryker@example.com,763.57,High
179,Finn,Finn@example.com,645.32,High
180,Antonio,Antonio@example.com,489.91,Medium
181,Charlie,Charlie@example.com,479.00,Medium
182,Maddox,Maddox@example.com,470.02,Medium
183,Justin,Justin@example.com,490.37,Medium
184,Judah,Judah@example.com,781.80,High
185,Kevin,Kevin@example.com,440.95,Medium
186,Dawson,Dawson@example.com,533.09,High
187,Matteo,Matteo@example.com,411.04,Medium
188,Miguel,Miguel@example.com,415.86,Medium
189,Zayden,Zayden@example.com,528.38,High
190,Camden,Camden@example.com,635.36,High
191,Messiah,Messiah@example.com,772.09,High
192,Alan,Alan@example.com,624.98,High
193,Alex,Alex@example.com,421.47,Medium
194,Nicolas,Nicolas@example.com,425.58,Medium
195,Felix,Felix@example.com,533.60,High
196,Alejandro,Alejandro@example.com,776.02,High
197,Jesse,Jesse@example.com,409.46,Medium
198,Beckett,Beckett@example.com,596.92,High
199,Matias,Matias@example.com,614.60,High
200,Tucker,Tucker@example.com,597.51,High
201,Emilio,Emilio@example.com,764.11,High
202,Xander,Xander@example.com,768.90,High
203,Knox,Knox@example.com,433.53,Medium
204,Oscar,Oscar@example.com,401.45,Medium
205,Beckham,Beckham@example.com,548.00,High
206,Timothy,Timothy@example.com,509.15,High
207,Abraham,Abraham@example.com,451.78,Medium
208,Andres,Andres@example.com,705.37,High
209,Gavin,Gavin@example.com,557.44,High
210,Brody,Brody@example.com,722.07,High
211,Barrett,Barrett@example.com,516.90,High
212,Hayes,Hayes@example.com,721.06,High
213,Jett,Jett@example.com,407.45,Medium
214,Brandon,Brandon@example.com,734.33,High
215,Joel,Joel@example.com,627.41,High
216,Victor,Victor@example.com,504.69,High
217,Peter,Peter@example.com,679.17,High
218,Abel,Abel@example.com,517.54,High
219,Edward,Edward@example.com,507.29,High
220,Karter,Karter@example.com,428.15,Medium
221,Patrick,Patrick@example.com,723.54,High
222,Richard,Richard@example.com,777.62,High
223,Grant,Grant@example.com,414.49,Medium
224,Avery,Avery@example.com,597.89,High
225,King,King@example.com,433.05,Medium
226,Caden,Caden@example.com,548.70,High
227,Adonis,Adonis@example.com,581.14,High
228,Riley,Riley@example.com,448.64,Medium
229,Tristan,Tristan@example.com,798.10,High
230,Kyrie,Kyrie@example.com,405.55,Medium
231,Blake,Blake@example.com,710.25,High
232,Eric,Eric@example.com,544.68,High
233,Griffin,Griffin@example.com,536.09,High
234,Malakai,Malakai@example.com,757.95,High
235,Rafael,Rafael@example.com,695.08,High
236,Israel,Israel@example.com,639.61,High
237,Tate,Tate@example.com,629.35,High
238,Lukas,Lukas@example.com,726.38,High
239,Nico,Nico@example.com,641.44,High
240,Marcus,Marcus@example.com,591.75,High
241,Stetson,Stetson@example.com,645.60,High
242,Javier,Javier@example.com,468.99,Medium
243,Colt,Colt@example.com,705.72,High
244,Omar,Omar@example.com,411.64,Medium
245,Simon,Simon@example.com,486.34,Medium
246,Kash,Kash@example.com,645.84,High
247,Remington,Remington@example.com,658.27,High
248,Jeremy,Jeremy@example.com,628.32,High
249,Louis,Louis@example.com,434.64,Medium
250,Mark,Mark@example.com,506.68,High
251,Lennox,Lennox@example.com,686.43,High
252,Callum,Callum@example.com,658.31,High
253,Kairo,Kairo@example.com,537.98,High
254,Nash,Nash@example.com,487.84,Medium
255,Kyler,Kyler@example.com,724.55,High
256,Dallas,Dallas@example.com,555.35,High
257,Crew,Crew@example.com,415.24,Medium
258,Preston,Preston@example.com,579.09,High
259,Paxton,Paxton@example.com,447.49,Medium
260,Steven,Steven@example.com,423.60,Medium
261,Zane,Zane@example.com,713.04,High
262,Kaleb,Kaleb@example.com,591.44,High
263,Lane,Lane@example.com,604.60,High
264,Phoenix,Phoenix@example.com,683.65,High
265,Paul,Paul@example.com,702.89,High
266,Cash,Cash@example.com,535.20,High
267,Kenneth,Kenneth@example.com,437.26,Medium
268,Bryce,Bryce@example.com,470.50,Medium
269,Ronan,Ronan@example.com,625.90,High
270,Kaden,Kaden@example.com,676.88,High
271,Maximiliano,Maximiliano@example.com,442.28,Medium
272,Walter,Walter@example.com,740.60,High
273,Maximus,Maximus@example.com,723.05,High
274,Emerson,Emerson@example.com,480.71,Medium
275,Hendrix,Hendrix@example.com,648.85,High
276,Jax,Jax@example.com,784.36,High
277,Atticus,Atticus@example.com,519.25,High
278,Zayn,Zayn@example.com,575.85,High
279,Tobias,Tobias@example.com,640.82,High
280,Cohen,Cohen@example.com,510.84,High
281,Aziel,Aziel@example.com,481.75,Medium
282,Kayson,Kayson@example.com,783.52,High
283,Rory,Rory@example.com,519.60,High
284,Brady,Brady@example.com,594.55,High
285,Finley,Finley@example.com,682.44,High
286,Holden,Holden@example.com,538.75,High
287,Jorge,Jorge@example.com,428.76,Medium
288,Malcolm,Malcolm@example.com,682.48,High
289,Clayton,Clayton@example.com,746.26,High
290,Niko,Niko@example.com,531.35,High
291,Francisco,Francisco@example.com,424.21,Medium
292,Josue,Josue@example.com,707.88,High
293,Brian,Brian@example.com,694.86,High
294,Bryan,Bryan@example.com,511.34,High
295,Cade,Cade@example.com,534.69,High
296,Colin,Colin@example.com,529.37,High
297,Andre,Andre@example.com,411.91,Medium
298,Cayden,Cayden@example.com,674.00,High
299,Aidan,Aidan@example.com,568.67,High
300,Muhammad,Muhammad@example.com,767.33,High
301,Derek,Derek@example.com,719.97,High
302,Ali,Ali@example.com,579.21,High
303,Elian,Elian@example.com,541.12,High
304,Bodhi,Bodhi@example.com,601.83,High
305,Cody,Cody@example.com,783.81,High
306,Jensen,Jensen@example.com,420.75,Medium
307,Damien,Damien@example.com,664.69,High
308,Martin,Martin@example.com,441.43,Medium
309,Cairo,Cairo@example.com,646.36,High
310,Ellis,Ellis@example.com,784.75,High
311,Khalil,Khalil@example.com,752.13,High
312,Otto,Otto@example.com,638.47,High
313,Zander,Zander@example.com,614.95,High
314,Dante,Dante@example.com,725.44,High
315,Ismael,Ismael@example.com,624.16,High
316,Angelo,Angelo@example.com,713.05,High
317,Brantley,Brantley@example.com,476.39,Medium
318,Manuel,Manuel@example.com,510.93,High
319,Colson,Colson@example.com,737.13,High
320,Cruz,Cruz@example.com,507.45,High
321,Tatum,Tatum@example.com,494.04,Medium
322,Jaylen,Jaylen@example.com,628.64,High
323,Jaden,Jaden@example.com,424.97,Medium
324,Erick,Erick@example.com,707.88,High
325,Cristian,Cristian@example.com,551.96,High
326,Romeo,Romeo@example.com,441.53,Medium
327,Milan,Milan@example.com,783.45,High
328,Reid,Reid@example.com,758.82,High
329,Cyrus,Cyrus@example.com,773.76,High
330,Leonel,Leonel@example.com,672.47,High
331,Joaquin,Joaquin@example.com,583.81,High
332,Ari,Ari@example.com,626.20,High
333,Odin,Odin@example.com,631.80,High
334,Orion,Orion@example.com,487.19,Medium
335,Ezequiel,Ezequiel@example.com,439.02,Medium
336,Gideon,Gideon@example.com,599.36,High
337,Daxton,Daxton@example.com,434.77,Medium
338,Warren,Warren@example.com,792.66,High
339,Casey,Casey@example.com,623.49,High
340,Anderson,Anderson@example.com,615.40,High
341,Spencer,Spencer@example.com,414.89,Medium
342,Karson,Karson@example.com,681.98,High
343,Eduardo,Eduardo@example.com,753.85,High
344,Chance,Chance@example.com,691.44,High
345,Fernando,Fernando@example.com,717.14,High
346,Raymond,Raymond@example.com,471.08,Medium
347,Bradley,Bradley@example.com,536.14,High
348,Cesar,Cesar@example.com,542.82,High
349,Wade,Wade@example.com,505.44,High
350,Prince,Prince@example.com,448.72,Medium
351,Julius,Julius@example.com,408.62,Medium
352,Dakota,Dakota@example.com,568.40,High
353,Kade,Kade@example.com,479.53,Medium
354,Koa,Koa@example.com,569.61,High
355,Raiden,Raiden@example.com,638.89,High
356,Callan,Callan@example.com,498.30,Medium
357,Hector,Hector@example.com,427.98,Medium
358,Onyx,Onyx@example.com,441.80,Medium
359,Remy,Remy@example.com,750.11,High
360,Ricardo,Ricardo@example.com,468.93,Medium
361,Edwin,Edwin@example.com,707.74,High
362,Stephen,Stephen@example.com,620.49,High
363,Kane,Kane@example.com,421.55,Medium
364,Saint,Saint@example.com,620.02,High
365,Titus,Titus@example.com,677.95,High
366,Desmond,Desmond@example.com,753.88,High
367,Killian,Killian@example.com,713.69,High
368,Sullivan,Sullivan@example.com,598.01,High
369,Mario,Mario@example.com,769.08,High
370,Jay,Jay@example.com,603.91,High
371,Kamari,Kamari@example.com,601.65,High
372,Luciano,Luciano@example.com,435.13,Medium
373,Royal,Royal@example.com,629.50,High
374,Zyaire,Zyaire@example.com,490.89,Medium
375,Marco,Marco@example.com,643.63,High
376,Wilder,Wilder@example.com,404.85,Medium
377,Russell,Russell@example.com,617.12,High
378,Nasir,Nasir@example.com,576.24,High
379,Rylan,Rylan@example.com,564.58,High
380,Archie,Archie@example.com,719.66,High
381,Jared,Jared@example.com,484.75,Medium
382,Gianni,Gianni@example.com,526.08,High
383,Kashton,Kashton@example.com,406.54,Medium
384,Kobe,Kobe@example.com,472.33,Medium
385,Sergio,Sergio@example.com,732.17,High
386,Travis,Travis@example.com,788.32,High
387,Marshall,Marshall@example.com,597.03,High
388,Iker,Iker@example.com,482.10,Medium
389,Briggs,Briggs@example.com,661.21,High
390,Gunner,Gunner@example.com,415.33,Medium
391,Apollo,Apollo@example.com,405.60,Medium
392,Bowen,Bowen@example.com,446.47,Medium
393,Baylor,Baylor@example.com,416.22,Medium
394,Sage,Sage@example.com,460.52,Medium
395,Tyson,Tyson@example.com,728.50,High
396,Kyle,Kyle@example.com,470.41,Medium
397,Oakley,Oakley@example.com,436.77,Medium
398,Malik,Malik@example.com,489.42,Medium
399,Mathias,Mathias@example.com,484.89,Medium
400,Sean,Sean@example.com,766.45,High
401,Armani,Armani@example.com,624.56,High
402,Hugo,Hugo@example.com,632.87,High
403,Johnny,Johnny@example.com,752.21,High
404,Sterling,Sterling@example.com,592.66,High
405,Forrest,Forrest@example.com,427.71,Medium
406,Harvey,Harvey@example.com,511.69,High
407,Banks,Banks@example.com,530.53,High
408,Grady,Grady@example.com,428.62,Medium
409,Kameron,Kameron@example.com,753.93,High
410,Jake,Jake@example.com,482.80,Medium
411,Franklin,Franklin@example.com,456.02,Medium
412,Lawson,Lawson@example.com,659.99,High
413,Tanner,Tanner@example.com,721.41,High
414,Eden,Eden@example.com,709.57,High
415,Jaziel,Jaziel@example.com,568.96,High
416,Pablo,Pablo@example.com,560.03,High
417,Reed,Reed@example.com,759.28,High
418,Pedro,Pedro@example.com,521.12,High
419,Zayne,Zayne@example.com,638.74,High
420,Royce,Royce@example.com,651.38,High
421,Edgar,Edgar@example.com,451.00,Medium
422,Ibrahim,Ibrahim@example.com,573.55,High
423,Winston,Winston@example.com,557.96,High
424,Ronin,Ronin@example.com,423.96,Medium
425,Leonidas,Leonidas@example.com,440.03,Medium
426,Devin,Devin@example.com,448.59,Medium
427,Damon,Damon@example.com,720.44,High
428,Noel,Noel@example.com,700.63,High
429,Rhys,Rhys@example.com,612.72,High
430,Clark,Clark@example.com,430.98,Medium
431,Corbin,Corbin@example.com,472.84,Medium
432,Sonny,Sonny@example.com,432.06,Medium
433,Colter,Colter@example.com,443.12,Medium
434,Esteban,Esteban@example.com,685.61,High
435,Erik,Erik@example.com,762.20,High
436,Baker,Baker@example.com,597.11,High
437,Adan,Adan@example.com,733.29,High
438,Dariel,Dariel@example.com,781.31,High
439,Kylo,Kylo@example.com,489.42,Medium
440,Tripp,Tripp@example.com,793.36,High
441,Caiden,Caiden@example.com,435.31,Medium
442,Frank,Frank@example.com,577.62,High
443,Solomon,Solomon@example.com,463.84,Medium
444,Major,Major@example.com,613.84,High
445,Memphis,Memphis@example.com,779.87,High
446,Quinn,Quinn@example.com,417.22,Medium
447,Dax,Dax@example.com,667.10,High
448,Hank,Hank@example.com,767.96,High
449,Donovan,Donovan@example.com,606.43,High
450,Finnegan,Finnegan@example.com,663.58,High
451,Nehemiah,Nehemiah@example.com,565.09,High
452,Andy,Andy@example.com,651.28,High
453,Camilo,Camilo@example.com,513.12,High
454,Asa,Asa@example.com,695.14,High
455,Jeffrey,Jeffrey@example.com,715.73,High
456,Santino,Santino@example.com,744.60,High
457,Isaias,Isaias@example.com,724.92,High
458,Jaiden,Jaiden@example.com,417.13,Medium
459,Kian,Kian@example.com,447.71,Medium
460,Fabian,Fabian@example.com,703.42,High
461,Callen,Callen@example.com,493.84,Medium
462,Ruben,Ruben@example.com,594.66,High
463,Alexis,Alexis@example.com,463.63,Medium
464,Emanuel,Emanuel@example.com,553.86,High
465,Francis,Francis@example.com,537.13,High
466,Garrett,Garrett@example.com,463.91,Medium
467,Kendrick,Kendrick@example.com,517.06,High
468,Matthias,Matthias@example.com,444.60,Medium
469,Wells,Wells@example.com,523.66,High
470,Augustus,Augustus@example.com,738.34,High
471,Jasiah,Jasiah@example.com,428.39,Medium
472,Alijah,Alijah@example.com,574.31,High
473,Alonzo,Alonzo@example.com,508.07,High
474,Koda,Koda@example.com,656.46,High
475,Collin,Collin@example.com,797.68,High
476,Ford,Ford@example.com,534.68,High
477,Frederick,Frederick@example.com,538.36,High
478,Jaxton,Jaxton@example.com,585.41,High
479,Kohen,Kohen@example.com,670.77,High
480,Troy,Troy@example.com,686.18,High
481,Kason,Kason@example.com,716.92,High
482,Seth,Seth@example.com,633.37,High
483,Denver,Denver@example.com,710.27,High
484,Kyson,Kyson@example.com,643.88,High
485,Ares,Ares@example.com,549.26,High
486,Raphael,Raphael@example.com,592.84,High
487,Bodie,Bodie@example.com,549.39,High
488,Sylas,Sylas@example.com,427.13,Medium
489,Uriel,Uriel@example.com,481.88,Medium
490,Zaiden,Zaiden@example.com,640.93,High
491,Shiloh,Shiloh@example.com,651.62,High
492,Lewis,Lewis@example.com,405.97,Medium
493,Kieran,Kieran@example.com,617.13,High
494,Marcos,Marcos@example.com,750.39,High
495,Bo,Bo@example.com,773.62,High
496,Shepherd,Shepherd@example.com,574.43,High
497,Philip,Philip@example.com,549.87,High
498,Zaire,Zaire@example.com,421.07,Medium
499,Gregory,Gregory@example.com,761.07,High
500,Princeton,Princeton@example.com,678.18,High
501,Roberto,Roberto@example.com,688.31,High
502,Leland,Leland@example.com,483.94,Medium
503,Eithan,Eithan@example.com,745.14,High
504,Moshe,Moshe@example.com,747.20,High
505,Johnathan,Johnathan@example.com,416.53,Medium
506,Lucca,Lucca@example.com,786.87,High
507,Kenzo,Kenzo@example.com,698.87,High
508,Mack,Mack@example.com,533.39,High
509,Porter,Porter@example.com,460.27,Medium
510,Kolton,Kolton@example.com,527.82,High
511,Kaison,Kaison@example.com,603.73,High
512,Valentino,Valentino@example.com,432.25,Medium
513,Saul,Saul@example.com,598.12,High
514,Shane,Shane@example.com,440.19,Medium
515,Jamari,Jamari@example.com,598.97,High
516,Rocco,Rocco@example.com,567.14,High
517,Kylan,Kylan@example.com,705.33,High
518,Deacon,Deacon@example.com,572.41,High
519,Dalton,Dalton@example.com,553.74,High
520,Moses,Moses@example.com,425.78,Medium
521,Callahan,Callahan@example.com,448.64,Medium
522,Tadeo,Tadeo@example.com,694.02,High
523,Makai,Makai@example.com,632.85,High
524,Amiri,Amiri@example.com,724.82,High
525,Rowen,Rowen@example.com,632.98,High
526,Drew,Drew@example.com,474.81,Medium
527,Jalen,Jalen@example.com,505.85,High
528,Kylian,Kylian@example.com,492.77,Medium
529,Sutton,Sutton@example.com,517.92,High
530,Dominick,Dominick@example.com,634.91,High
531,Reece,Reece@example.com,563.74,High
532,Rodrigo,Rodrigo@example.com,448.68,Medium
533,Soren,Soren@example.com,695.22,High
534,Kasen,Kasen@example.com,443.72,Medium
535,Ridge,Ridge@example.com,597.42,High
536,Zachariah,Zachariah@example.com,657.23,High
537,Jamir,Jamir@example.com,459.90,Medium
538,Peyton,Peyton@example.com,567.09,High
539,Omari,Omari@example.com,693.81,High
540,Trevor,Trevor@example.com,552.13,High
541,Morgan,Morgan@example.com,646.55,High
542,Izaiah,Izaiah@example.com,400.32,Medium
543,Alessandro,Alessandro@example.com,414.13,Medium
544,Kaysen,Kaysen@example.com,701.11,High
545,Enrique,Enrique@example.com,684.89,High
546,Marcelo,Marcelo@example.com,739.67,High
547,Sincere,Sincere@example.com,406.86,Medium
548,Lucian,Lucian@example.com,602.78,High
549,Leandro,Leandro@example.com,637.94,High
550,Armando,Armando@example.com,697.55,High
551,Braylen,Braylen@example.com,710.31,High
552,Jayson,Jayson@example.com,490.15,Medium
553,Julio,Julio@example.com,758.00,High
554,Lawrence,Lawrence@example.com,719.59,High
555,Cassius,Cassius@example.com,512.89,High
556,Raul,Raul@example.com,435.72,Medium
557,Jase,Jase@example.com,762.52,High
558,Mohammad,Mohammad@example.com,416.24,Medium
559,Zain,Zain@example.com,618.43,High
560,Jayceon,Jayceon@example.com,520.25,High
561,Jonas,Jonas@example.com,735.54,High
562,Ronald,Ronald@example.com,453.60,Medium
563,Ayaan,Ayaan@example.com,778.19,High
564,Rio,Rio@example.com,780.67,High
565,Allen,Allen@example.com,452.23,Medium
566,Bruce,Bruce@example.com,634.64,High
567,Mohamed,Mohamed@example.com,556.39,High
568,Dorian,Dorian@example.com,479.88,Medium
569,Maximilian,Maximilian@example.com,462.70,Medium
570,Keegan,Keegan@example.com,795.96,High
571,Shawn,Shawn@example.com,461.39,Medium
572,Yusuf,Yusuf@example.com,414.25,Medium
573,Pierce,Pierce@example.com,705.14,High
574,Ariel,Ariel@example.com,463.86,Medium
575,Ander,Ander@example.com,635.92,High
576,Conor,Conor@example.com,433.03,Medium
577,Conrad,Conrad@example.com,596.03,High
578,Phillip,Phillip@example.com,497.26,Medium
579,Arjun,Arjun@example.com,431.90,Medium
580,Roy,Roy@example.com,431.17,Medium
581,Moises,Moises@example.com,568.78,High
582,Arturo,Arturo@example.com,450.74,Medium
583,Johan,Johan@example.com,750.76,High
584,Gerardo,Gerardo@example.com,434.12,Medium
585,Atreus,Atreus@example.com,790.29,High
586,Nikolai,Nikolai@example.com,682.88,High
587,Braylon,Braylon@example.com,694.38,High
588,Samson,Samson@example.com,630.60,High
589,Hezekiah,Hezekiah@example.com,466.09,Medium
590,Kayce,Kayce@example.com,760.51,High
591,Scott,Scott@example.com,582.98,High
592,Gunnar,Gunnar@example.com,744.50,High
593,Jamison,Jamison@example.com,417.14,Medium
594,Samir,Samir@example.com,578.61,High
595,Keanu,Keanu@example.com,708.61,High
596,Ledger,Ledger@example.com,630.33,High
597,Jaime,Jaime@example.com,569.47,High
598,Finnley,Finnley@example.com,721.96,High
599,Cannon,Cannon@example.com,478.08,Medium
600,Colby,Colby@example.com,478.91,Medium
601,Nikolas,Nikolas@example.com,434.15,Medium
602,Emmitt,Emmitt@example.com,725.87,High
603,Kamden,Kamden@example.com,695.40,High
604,Miller,Miller@example.com,698.20,High
605,Boone,Boone@example.com,413.38,Medium
606,Hamza,Hamza@example.com,741.43,High
607,Ocean,Ocean@example.com,644.24,High
608,Mac,Mac@example.com,479.48,Medium
609,Anakin,Anakin@example.com,604.62,High
610,Brixton,Brixton@example.com,656.17,High
611,Roland,Roland@example.com,545.83,High
612,Huxley,Huxley@example.com,503.29,High
613,Zeke,Zeke@example.com,758.02,High
614,Danny,Danny@example.com,796.23,High
615,Marvin,Marvin@example.com,418.32,Medium
616,Otis,Otis@example.com,594.77,High
617,Albert,Albert@example.com,649.73,High
618,Clay,Clay@example.com,441.12,Medium
619,Emir,Emir@example.com,524.58,High
620,Boston,Boston@example.com,786.43,High
621,Bruno,Bruno@example.com,700.62,High
622,Lionel,Lionel@example.com,491.94,Medium
623,Ozzy,Ozzy@example.com,648.00,High
624,Taylor,Taylor@example.com,790.33,High
625,Jamie,Jamie@example.com,756.61,High
626,Augustine,Augustine@example.com,709.59,High
627,Chaim,Chaim@example.com,764.63,High
628,Krew,Krew@example.com,554.39,High
629,Rayan,Rayan@example.com,617.77,High
630,Alden,Alden@example.com,484.12,Medium
631,Bellamy,Bellamy@example.com,560.74,High
632,Amos,Amos@example.com,677.20,High
633,Drake,Drake@example.com,432.60,Medium
634,Davis,Davis@example.com,534.59,High
635,Dustin,Dustin@example.com,563.91,High
636,Corey,Corey@example.com,791.44,High
637,Ahmad,Ahmad@example.com,774.39,High
638,Conner,Conner@example.com,690.87,High
639,Gustavo,Gustavo@example.com,529.81,High
640,Layton,Layton@example.com,457.05,Medium
641,Abram,Abram@example.com,693.47,High
642,Axton,Axton@example.com,595.24,High
643,Chandler,Chandler@example.com,467.53,Medium
644,Azariah,Azariah@example.com,493.58,Medium
645,Reese,Reese@example.com,561.74,High
646,Benson,Benson@example.com,645.86,High
647,Tru,Tru@example.com,531.14,High
648,Case,Case@example.com,691.28,High
649,Trey,Trey@example.com,610.89,High
650,Mauricio,Mauricio@example.com,606.37,High
651,Westin,Westin@example.com,558.77,High
652,Gage,Gage@example.com,419.12,Medium
653,Reign,Reign@example.com,584.02,High
654,Creed,Creed@example.com,649.18,High
655,Mylo,Mylo@example.com,506.32,High
656,Dennis,Dennis@example.com,688.59,High
657,Quentin,Quentin@example.com,793.77,High
658,Madden,Madden@example.com,417.30,Medium
659,Rome,Rome@example.com,733.71,High
660,Julien,Julien@example.com,765.00,High
661,Sam,Sam@example.com,598.04,High
662,Zaid,Zaid@example.com,677.63,High
663,Marcel,Marcel@example.com,407.30,Medium
664,Maximo,Maximo@example.com,514.69,High
665,Layne,Layne@example.com,421.91,Medium
666,Ahmed,Ahmed@example.com,579.24,High
667,Kannon,Kannon@example.com,772.72,High
668,Quincy,Quincy@example.com,557.35,High
669,Yosef,Yosef@example.com,687.49,High
670,Aarav,Aarav@example.com,455.88,Medium
671,Lennon,Lennon@example.com,548.38,High
672,Ryland,Ryland@example.com,421.38,Medium
673,Skyler,Skyler@example.com,422.53,Medium
674,Chris,Chris@example.com,590.86,High
675,Eliam,Eliam@example.com,415.41,Medium
676,Kareem,Kareem@example.com,569.88,High
677,Kyree,Kyree@example.com,689.32,High
678,Dario,Dario@example.com,511.06,High
679,Donald,Donald@example.com,443.76,Medium
680,Fletcher,Fletcher@example.com,695.82,High
681,Darius,Darius@example.com,594.05,High
682,Duke,Duke@example.com,602.51,High
683,Rayden,Rayden@example.com,422.59,Medium
684,Salem,Salem@example.com,754.48,High
685,Vicente,Vicente@example.com,461.63,Medium
686,Vincenzo,Vincenzo@example.com,401.17,Medium
687,Cayson,Cayson@example.com,748.44,High
688,Eliseo,Eliseo@example.com,528.15,High
689,Issac,Issac@example.com,471.78,Medium
690,Lian,Lian@example.com,402.50,Medium
691,Clyde,Clyde@example.com,434.60,Medium
692,Wilson,Wilson@example.com,798.65,High
693,Santana,Santana@example.com,401.71,Medium
694,Tomas,Tomas@example.com,694.01,High
695,Dexter,Dexter@example.com,489.75,Medium
696,Keith,Keith@example.com,506.27,High
697,Houston,Houston@example.com,539.89,High
698,Harry,Harry@example.com,668.15,High
699,Uriah,Uriah@example.com,631.72,High
700,Lee,Lee@example.com,797.12,High
701,Rex,Rex@example.com,406.60,Medium
702,Tony,Tony@example.com,536.86,High
703,Carmelo,Carmelo@example.com,593.10,High
704,Alberto,Alberto@example.com,517.01,High
705,Loyal,Loyal@example.com,788.27,High
706,Trace,Trace@example.com,682.90,High
707,Alfredo,Alfredo@example.com,577.90,High
708,Riggs,Riggs@example.com,652.32,High
709,Forest,Forest@example.com,674.82,High
710,Raylan,Raylan@example.com,581.66,High
711,Salvador,Salvador@example.com,710.46,High
712,Jakari,Jakari@example.com,488.47,Medium
713,Zakai,Zakai@example.com,423.62,Medium
714,Louie,Louie@example.com,729.08,High
715,Flynn,Flynn@example.com,671.54,High
716,Leonard,Leonard@example.com,785.08,High
717,Mohammed,Mohammed@example.com,559.57,High
718,Derrick,Derrick@example.com,696.01,High
719,Musa,Musa@example.com,733.00,High
720,Avi,Avi@example.com,530.74,High
721,Ty,Ty@example.com,507.52,High
722,Westley,Westley@example.com,558.87,High
723,Ambrose,Ambrose@example.com,788.72,High
724,Brycen,Brycen@example.com,774.09,High
725,Aron,Aron@example.com,468.12,Medium
726,Caspian,Caspian@example.com,628.68,High
727,Gatlin,Gatlin@example.com,410.51,Medium
728,Harlan,Harlan@example.com,712.69,High
729,Dillon,Dillon@example.com,558.67,High
730,Emery,Emery@example.com,512.81,High
731,Nixon,Nixon@example.com,711.33,High
732,Tommy,Tommy@example.com,511.67,High
733,Watson,Watson@example.com,599.67,High
734,Zayd,Zayd@example.com,649.84,High
735,Azrael,Azrael@example.com,454.94,Medium
736,Zyair,Zyair@example.com,651.34,High
737,Azriel,Azriel@example.com,488.08,Medium
738,Legacy,Legacy@example.com,732.56,High
739,Cillian,Cillian@example.com,569.74,High
740,Alvin,Alvin@example.com,476.24,Medium
741,Bridger,Bridger@example.com,732.45,High
742,Alec,Alec@example.com,773.87,High
743,Edison,Edison@example.com,549.69,High
744,Kingsley,Kingsley@example.com,724.15,High
745,Remi,Remi@example.com,484.56,Medium
746,Briar,Briar@example.com,630.23,High
747,Jaxxon,Jaxxon@example.com,660.31,High
748,Truett,Truett@example.com,535.16,High
749,Lachlan,Lachlan@example.com,457.20,Medium
750,Cal,Cal@example.com,732.89,High
751,Landen,Landen@example.com,447.17,Medium
752,Roger,Roger@example.com,702.88,High
753,Alonso,Alonso@example.com,645.02,High
754,Kaiser,Kaiser@example.com,434.89,Medium
755,Blaze,Blaze@example.com,473.52,Medium
756,Jerry,Jerry@example.com,660.23,High
757,Seven,Seven@example.com,454.91,Medium
758,Kenji,Kenji@example.com,536.85,High
759,Noe,Noe@example.com,765.92,High
760,Quinton,Quinton@example.com,799.49,High
761,Grey,Grey@example.com,549.12,High
762,Jefferson,Jefferson@example.com,599.74,High
763,Marcellus,Marcellus@example.com,712.90,High
764,Ray,Ray@example.com,563.55,High
765,Kyro,Kyro@example.com,619.06,High
766,Benicio,Benicio@example.com,591.39,High
767,Justice,Justice@example.com,478.09,Medium
768,Neil,Neil@example.com,548.51,High
769,Idris,Idris@example.com,582.73,High
770,Bear,Bear@example.com,492.33,Medium
771,Kiaan,Kiaan@example.com,500.48,High
772,Wayne,Wayne@example.com,455.09,Medium
773,Ben,Ben@example.com,425.91,Medium
774,Junior,Junior@example.com,798.15,High
775,Karim,Karim@example.com,499.50,Medium
776,Yehuda,Yehuda@example.com,493.46,Medium
777,Jimmy,Jimmy@example.com,796.77,High
778,Ramon,Ramon@example.com,549.58,High
779,Bjorn,Bjorn@example.com,796.25,High
780,Nathanael,Nathanael@example.com,723.55,High
781,Stanley,Stanley@example.com,543.48,High
782,Hassan,Hassan@example.com,418.96,Medium
783,Magnus,Magnus@example.com,764.03,High
784,Trenton,Trenton@example.com,501.80,High
785,Brayan,Brayan@example.com,725.87,High
786,Brock,Brock@example.com,496.79,Medium
787,Jagger,Jagger@example.com,592.99,High
788,Cason,Cason@example.com,732.03,High
789,Dakari,Dakari@example.com,693.48,High
790,Rey,Rey@example.com,500.45,High
791,Abdiel,Abdiel@example.com,607.58,High
792,Abdullah,Abdullah@example.com,497.86,Medium
793,Casen,Casen@example.com,742.27,High
794,Jiraiya,Jiraiya@example.com,645.42,High
795,Lance,Lance@example.com,518.08,High
796,Misael,Misael@example.com,542.85,High
797,Alvaro,Alvaro@example.com,758.94,High
798,Robin,Robin@example.com,696.50,High
799,Langston,Langston@example.com,635.39,High
800,Nelson,Nelson@example.com,617.31,High
801,Wes,Wes@example.com,756.71,High
802,Khari,Khari@example.com,460.90,Medium
803,Landyn,Landyn@example.com,431.85,Medium
804,Jakai,Jakai@example.com,543.32,High
805,Lochlan,Lochlan@example.com,523.85,High
806,Valentin,Valentin@example.com,626.13,High
807,Keaton,Keaton@example.com,689.90,High
808,Amias,Amias@example.com,585.68,High
809,Joziah,Joziah@example.com,466.51,Medium
810,Thaddeus,Thaddeus@example.com,594.19,High
811,Jedidiah,Jedidiah@example.com,409.71,Medium
812,Orlando,Orlando@example.com,423.59,Medium
813,Eliel,Eliel@example.com,679.40,High
814,Hugh,Hugh@example.com,433.31,Medium
815,Koen,Koen@example.com,513.99,High
816,Calum,Calum@example.com,502.35,High
817,Enoch,Enoch@example.com,545.58,High
818,Mitchell,Mitchell@example.com,591.41,High
819,Rohan,Rohan@example.com,532.94,High
820,Aryan,Aryan@example.com,438.41,Medium
821,Dilan,Dilan@example.com,456.31,Medium
822,Aden,Aden@example.com,693.04,High
823,Allan,Allan@example.com,506.78,High
824,Leighton,Leighton@example.com,468.58,Medium
825,Elisha,Elisha@example.com,588.71,High
826,Evander,Evander@example.com,465.18,Medium
827,Castiel,Castiel@example.com,468.30,Medium
828,Curtis,Curtis@example.com,422.11,Medium
829,Kellen,Kellen@example.com,513.73,High
830,Dash,Dash@example.com,705.52,High
831,Douglas,Douglas@example.com,778.70,High
832,Eddie,Eddie@example.com,411.09,Medium
833,Melvin,Melvin@example.com,784.68,High
834,Avyaan,Avyaan@example.com,747.99,High
835,Everest,Everest@example.com,642.15,High
836,Zamir,Zamir@example.com,698.32,High
837,Ricky,Ricky@example.com,466.24,Medium
838,Dutton,Dutton@example.com,544.52,High
839,Yahir,Yahir@example.com,698.30,High
840,Devon,Devon@example.com,747.57,High
841,Franco,Franco@example.com,755.77,High
842,Khaza,Khaza@example.com,401.39,Medium
843,Dior,Dior@example.com,411.49,Medium
844,Leif,Leif@example.com,726.99,High
845,Sevyn,Sevyn@example.com,466.41,Medium
846,Guillermo,Guillermo@example.com,693.77,High
847,Ira,Ira@example.com,738.23,High
848,Emory,Emory@example.com,453.85,Medium
849,Felipe,Felipe@example.com,520.05,High
850,Titan,Titan@example.com,409.13,Medium
851,Alfred,Alfred@example.com,630.52,High
852,Azael,Azael@example.com,460.20,Medium
853,Zahir,Zahir@example.com,618.46,High
854,Kellan,Kellan@example.com,635.69,High
855,Darren,Darren@example.com,411.88,Medium
856,Rudy,Rudy@example.com,765.93,High
857,Ayan,Ayan@example.com,623.96,High
858,Leroy,Leroy@example.com,432.11,Medium
859,Anders,Anders@example.com,413.11,Medium
860,Ishaan,Ishaan@example.com,629.22,High
861,Reuben,Reuben@example.com,451.48,Medium
862,Boden,Boden@example.com,624.05,High
863,Mccoy,Mccoy@example.com,505.32,High
864,Heath,Heath@example.com,691.66,High
865,Kase,Kase@example.com,789.86,High
866,Wylder,Wylder@example.com,738.37,High
867,Judson,Judson@example.com,690.70,High
868,Khai,Khai@example.com,543.29,High
869,Kye,Kye@example.com,628.79,High
870,Axl,Axl@example.com,424.98,Medium
871,Crue,Crue@example.com,614.90,High
872,Ernesto,Ernesto@example.com,554.38,High
873,Ahmir,Ahmir@example.com,540.75,High
874,Zyon,Zyon@example.com,795.76,High
875,Aries,Aries@example.com,758.25,High
876,Mustafa,Mustafa@example.com,409.77,Medium
877,Santos,Santos@example.com,700.77,High
878,Dane,Dane@example.com,411.92,Medium
879,Damari,Damari@example.com,560.04,High
880,Elio,Elio@example.com,544.07,High
881,Jadiel,Jadiel@example.com,748.93,High
882,Jovanni,Jovanni@example.com,745.77,High
883,Salvatore,Salvatore@example.com,431.57,Medium
884,Mathew,Mathew@example.com,777.97,High
885,Kolson,Kolson@example.com,717.90,High
886,Nova,Nova@example.com,461.91,Medium
887,Brendan,Brendan@example.com,718.77,High
888,Murphy,Murphy@example.com,496.55,Medium
889,Brodie,Brodie@example.com,731.96,High
890,Damir,Damir@example.com,741.98,High
891,Rocky,Rocky@example.com,781.59,High
892,Larry,Larry@example.com,502.31,High
893,Fisher,Fisher@example.com,468.29,Medium
894,Waylen,Waylen@example.com,790.85,High
895,Byron,Byron@example.com,627.42,High
896,Ermias,Ermias@example.com,689.21,High
897,Joey,Joey@example.com,708.45,High
898,Joe,Joe@example.com,754.65,High
899,Jon,Jon@example.com,476.20,Medium
900,Arian,Arian@example.com,628.18,High
901,Chosen,Chosen@example.com,576.35,High
902,Jairo,Jairo@example.com,579.08,High
903,Vihaan,Vihaan@example.com,502.10,High
904,Kylen,Kylen@example.com,664.67,High
905,Ameer,Ameer@example.com,578.18,High
906,Dion,Dion@example.com,655.99,High
907,Jrue,Jrue@example.com,715.89,High
908,Kaizen,Kaizen@example.com,787.18,High
909,Yousef,Yousef@example.com,441.99,Medium
910,Bryant,Bryant@example.com,561.92,High
911,Cullen,Cullen@example.com,641.30,High
912,Kaisen,Kaisen@example.com,664.09,High
913,Kelvin,Kelvin@example.com,469.04,Medium
914,Zen,Zen@example.com,764.51,High
915,Kartier,Kartier@example.com,555.01,High
916,Randy,Randy@example.com,727.01,High
917,Shepard,Shepard@example.com,418.96,Medium
918,Alaric,Alaric@example.com,582.53,High
919,Cain,Cain@example.com,527.23,High
920,Jeremias,Jeremias@example.com,686.43,High
921,Alfonso,Alfonso@example.com,406.37,Medium
922,Brecken,Brecken@example.com,668.13,High
923,Colten,Colten@example.com,437.82,Medium
924,Gian,Gian@example.com,753.69,High
925,Rhodes,Rhodes@example.com,450.69,Medium
926,Wesson,Wesson@example.com,729.73,High
927,Duncan,Duncan@example.com,622.42,High
928,Harold,Harold@example.com,568.19,High
929,Henrik,Henrik@example.com,551.00,High
930,Harley,Harley@example.com,516.29,High
931,Alistair,Alistair@example.com,503.17,High
932,Agustin,Agustin@example.com,495.57,Medium
933,Jericho,Jericho@example.com,539.33,High
934,Talon,Talon@example.com,633.18,High
935,Westyn,Westyn@example.com,662.92,High
936,Cassian,Cassian@example.com,485.27,Medium
937,Eugene,Eugene@example.com,565.78,High
938,Ryatt,Ryatt@example.com,573.78,High
939,Shmuel,Shmuel@example.com,714.97,High
940,Braden,Braden@example.com,585.57,High
941,Yahya,Yahya@example.com,471.26,Medium
942,Aldo,Aldo@example.com,739.48,High
943,Dangelo,Dangelo@example.com,644.81,High
944,Ezrah,Ezrah@example.com,467.23,Medium
945,Korbin,Korbin@example.com,731.80,High
946,Zavier,Zavier@example.com,458.78,Medium
947,Bronson,Bronson@example.com,556.28,High
948,Teo,Teo@example.com,670.16,High
949,Jones,Jones@example.com,576.72,High
950,Neo,Neo@example.com,546.65,High
951,Stefan,Stefan@example.com,704.35,High
952,Van,Van@example.com,740.72,High
953,Mekhi,Mekhi@example.com,614.06,High
954,Coleson,Coleson@example.com,638.38,High
955,Eren,Eren@example.com,548.20,High
956,Ignacio,Ignacio@example.com,733.74,High
957,Kristian,Kristian@example.com,541.09,High
958,Harlem,Harlem@example.com,420.48,Medium
959,Zev,Zev@example.com,504.38,High
960,Canaan,Canaan@example.com,689.26,High
961,Cedric,Cedric@example.com,670.87,High
962,Khalid,Khalid@example.com,406.41,Medium
963,Bode,Bode@example.com,544.32,High
964,Gary,Gary@example.com,738.59,High
965,Rene,Rene@example.com,465.10,Medium
966,Benedict,Benedict@example.com,775.31,High
967,Maxton,Maxton@example.com,697.37,High
968,Thatcher,Thatcher@example.com,634.17,High
969,Wallace,Wallace@example.com,602.66,High
970,Davian,Davian@example.com,520.81,High
971,Gordon,Gordon@example.com,623.12,High
972,Niklaus,Niklaus@example.com,795.30,High
973,Yisroel,Yisroel@example.com,760.79,High
974,Kabir,Kabir@example.com,424.71,Medium
975,Osman,Osman@example.com,698.76,High
976,Adler,Adler@example.com,633.94,High
977,Darian,Darian@example.com,652.59,High
978,Terry,Terry@example.com,713.16,High
979,Cartier,Cartier@example.com,787.76,High
980,Osiris,Osiris@example.com,452.82,Medium
981,Vance,Vance@example.com,698.44,High
982,Demetrius,Demetrius@example.com,703.51,High
983,Kamryn,Kamryn@example.com,551.94,High
984,Lux,Lux@example.com,505.71,High
985,Stone,Stone@example.com,454.48,Medium
986,Jaxx,Jaxx@example.com,682.94,High
987,Kooper,Kooper@example.com,446.93,Medium
988,Rodney,Rodney@example.com,492.80,Medium
989,Aurelio,Aurelio@example.com,602.14,High
990,Darwin,Darwin@example.com,762.77,High
991,Jakob,Jakob@example.com,684.45,High
992,Zechariah,Zechariah@example.com,468.14,Medium
993,Brennan,Brennan@example.com,414.59,Medium
994,Marlon,Marlon@example.com,731.80,High
995,Meir,Meir@example.com,696.02,High
996,Yael,Yael@example.com,667.82,High
997,Asaiah,Asaiah@example.com,684.37,High
998,Atharv,Atharv@example.com,630.13,High
999,Imran,Imran@example.com,568.90,High
1000,Ivaan,Ivaan@example.com,602.42,High
1001,Kanan,Kanan@example.com,653.72,High
1002,Kalel,Kalel@example.com,704.55,High
1003,London,London@example.com,401.43,Medium